region_id,estimation_id,name,time
27,0,memory,4.008727272727273e-05
30,0,memory,0.10844577181818181
